"","female","edu","age","participation","sexism"
"1",0,2,23,0,0.625
"2",1,2,38,0,0.4375
"3",0,1,58,2,0.625
"4",1,3,30,1,0.5
"5",1,3,86,NA,0.375
"6",0,4,67,5,0.5
"7",1,6,62,1,0
"8",0,2,51,1,0.8125
"9",0,6,46,6,0.5
"10",1,6,30,2,0.0625
"11",0,6,73,2,0.0625
"12",1,6,35,1,0.1875
"13",0,6,67,1,0.375
"14",1,2,59,NA,0.5625
"15",0,1,48,1,0.75
"16",1,3,26,1,0.25
"17",1,5,46,2,0.5
"18",1,5,52,2,0.0625
"19",0,NA,45,1,0.5
"20",0,1,64,NA,0.5
"21",1,4,43,NA,NA
"22",1,6,61,1,0.25
"23",1,6,35,1,NA
"24",1,4,24,2,0.125
"25",0,5,61,1,0.6875
"26",1,5,52,0,0
"27",0,3,68,1,0.5625
"28",1,3,76,0,0.4375
"29",1,2,47,NA,0.875
"30",1,4,68,NA,0.1875
"31",0,6,57,4,0
"32",0,4,45,3,0.3125
"33",1,1,50,1,0.9375
"34",1,6,68,1,0.5625
"35",0,3,60,1,0.3125
"36",1,5,36,4,0.0625
"37",1,1,27,0,0.5
"38",0,3,35,7,0.6875
"39",1,2,78,1,0.75
"40",0,2,55,2,0.5625
"41",1,5,69,1,0.4375
"42",0,5,55,1,0.3125
"43",0,5,31,1,0.4375
"44",0,6,68,2,0.3125
"45",1,4,42,0,0.6875
"46",0,2,48,NA,NA
"47",0,3,30,2,0.5
"48",0,1,68,NA,0.875
"49",1,5,36,1,0.125
"50",1,5,47,1,0.1875
"51",1,5,26,6,0
"52",1,1,83,2,0.6875
"53",0,5,51,4,0.1875
"54",1,4,68,2,0.4375
"55",0,2,23,1,0.4375
"56",0,3,19,0,0.5
"57",0,2,30,1,0.6875
"58",0,5,54,1,0.5625
"59",1,2,38,0,0.5
"60",1,5,33,2,0
"61",0,2,81,0,0.3125
"62",1,NA,51,1,0.3125
"63",1,2,75,1,0.6875
"64",0,5,43,1,0.1875
"65",0,5,58,1,0.25
"66",1,5,36,1,0.0625
"67",1,6,59,3,0.0625
"68",0,2,57,NA,0.5
"69",0,1,60,1,0.5
"70",0,5,45,2,0.125
"71",1,5,72,1,0.5625
"72",0,5,36,3,0.5
"73",0,1,86,0,0.625
"74",NA,5,55,1,0.3125
"75",0,2,68,1,0.5625
"76",0,5,69,1,0.5625
"77",1,3,42,1,0.3125
"78",1,6,76,1,0.3125
"79",1,5,31,2,0
"80",0,1,52,NA,0.9375
"81",0,5,35,2,0.25
"82",0,2,25,2,0.375
"83",1,6,52,2,NA
"84",1,3,65,1,0.4375
"85",1,6,37,3,0.0625
"86",1,2,66,1,0.5625
"87",1,2,57,2,0.9375
"88",0,4,24,1,0.4375
"89",0,5,43,2,0.375
"90",1,2,42,1,0.4375
"91",1,3,57,1,0.4375
"92",1,1,30,1,0.25
"93",0,1,69,NA,0.375
"94",1,2,19,4,0.125
"95",0,2,44,1,0.4375
"96",0,3,67,1,0.3125
"97",1,5,41,1,0.5625
"98",0,2,50,1,0.375
"99",1,2,23,2,0.9375
"100",0,5,25,1,0.3125
"101",1,6,76,6,0.0625
"102",1,4,67,0,0.125
"103",1,6,35,4,0.0625
"104",0,5,25,5,0
"105",0,4,67,1,0.5625
"106",1,6,54,7,0.125
"107",1,4,NA,1,0.3125
"108",1,3,76,1,NA
"109",0,3,20,1,0.5625
"110",0,5,24,1,0.5
"111",0,3,24,2,0
"112",1,1,63,0,0.125
"113",0,6,51,1,0.1875
"114",1,4,50,NA,0.5
"115",1,3,63,3,0.4375
"116",0,NA,88,NA,0.5625
"117",1,5,25,5,0.0625
"118",1,5,72,1,0.375
"119",1,6,60,2,0.3125
"120",0,2,22,0,0.625
"121",1,2,23,0,0.75
"122",0,2,38,1,0.875
"123",1,3,19,1,0.1875
"124",NA,2,90,NA,NA
"125",1,3,31,NA,0.125
"126",1,6,26,2,0.1875
"127",1,5,63,2,0.3125
"128",0,1,77,0,0.6875
"129",0,2,28,0,0.5
"130",1,6,NA,NA,0.375
"131",0,4,50,1,0.5
"132",1,2,71,0,0.4375
"133",1,1,90,1,0.5
"134",1,2,34,1,0.5
"135",1,2,49,1,0.1875
"136",0,3,27,1,0.4375
"137",0,2,24,1,0.5625
"138",0,1,56,0,0.625
"139",0,2,78,3,0.75
"140",0,5,71,4,0.75
"141",0,1,76,1,0.5625
"142",1,1,24,0,1
"143",0,2,25,NA,0.4375
"144",1,5,48,2,0.125
"145",0,2,39,NA,0.75
"146",1,5,50,3,0.125
"147",1,2,36,2,0.125
"148",0,6,58,2,0.6875
"149",0,6,30,1,0.25
"150",1,5,52,1,0.1875
"151",0,5,23,3,0.0625
"152",1,5,45,NA,0.375
"153",1,4,72,1,0.5
"154",1,2,59,1,0.1875
"155",1,1,57,0,1
"156",0,4,35,2,0.1875
"157",1,5,40,1,0.3125
"158",1,5,55,3,0.0625
"159",0,4,NA,3,0.5
"160",1,6,58,3,0.3125
"161",1,2,58,NA,0.5
"162",1,2,47,0,0.5625
"163",1,5,59,1,0.125
"164",0,4,84,0,0.3125
"165",0,6,48,NA,0
"166",1,5,47,1,0.5625
"167",0,6,60,1,0.125
"168",0,3,30,1,0.0625
"169",1,2,49,NA,0.375
"170",1,5,23,3,0
"171",1,5,39,1,0.4375
"172",0,6,61,2,0.5625
"173",1,4,40,1,0.125
"174",1,6,31,1,0.375
"175",1,2,66,0,0.5
"176",0,1,59,1,0.5
"177",0,1,58,1,0.6875
"178",1,6,37,1,0.0625
"179",0,6,36,3,0.125
"180",1,5,58,1,0.5
"181",NA,5,35,1,NA
"182",0,4,75,1,0.625
"183",1,5,50,1,0.5625
"184",1,6,38,2,0.25
"185",1,4,37,1,0.5
"186",1,5,76,8,0.0625
"187",1,4,66,1,0.375
"188",1,4,42,6,0.0625
"189",1,5,33,1,0.3125
"190",1,4,52,4,0.125
"191",0,2,52,0,0.75
"192",0,5,35,1,0.3125
"193",1,5,61,1,0.1875
"194",0,1,54,1,0.625
"195",0,1,72,1,0.5
"196",1,6,56,NA,0.25
"197",0,3,80,4,0.75
"198",0,3,52,3,0.5
"199",0,3,28,0,0.5
"200",1,6,47,1,0.5625
"201",1,4,73,1,0.3125
"202",1,3,27,NA,0
"203",1,2,41,1,0
"204",0,NA,75,0,0.5
"205",1,3,45,0,0.3125
"206",0,3,58,NA,0.5
"207",1,5,67,2,0.1875
"208",1,5,42,1,0.375
"209",1,6,36,2,0.0625
"210",1,2,21,1,0.375
"211",0,5,35,5,0
"212",1,5,66,0,NA
"213",1,2,68,2,0.1875
"214",1,6,71,NA,0.5
"215",0,1,20,NA,NA
"216",0,2,55,NA,0.75
"217",1,3,26,1,0.5625
"218",0,4,65,NA,0.6875
"219",1,5,40,NA,0.5
"220",1,6,42,1,0.1875
"221",1,5,46,1,0
"222",1,2,45,0,0.4375
"223",1,2,NA,1,0.5
"224",1,5,43,1,0.3125
"225",1,6,46,2,0
"226",0,2,36,0,0.6875
"227",1,5,67,0,0.875
"228",1,2,65,1,0.75
"229",1,3,45,1,0.625
"230",0,5,40,2,0.3125
"231",1,3,76,1,0.8125
"232",1,6,69,5,0.25
"233",0,3,68,1,0.5625
"234",NA,5,43,1,0
"235",0,6,74,5,0.1875
"236",0,2,32,0,0.8125
"237",1,2,44,0,0.6875
"238",1,5,29,1,0.625
"239",1,4,53,1,0.5625
"240",1,5,32,3,0.125
"241",0,3,50,0,0.5
"242",0,6,42,1,0.1875
"243",1,5,65,4,0.3125
"244",0,4,72,1,NA
"245",0,3,56,0,0.5625
"246",0,3,27,1,0.375
"247",0,4,66,2,0.5
"248",1,2,81,0,0.5625
"249",1,3,70,1,0.4375
"250",0,6,79,2,0.375
"251",1,1,63,0,NA
"252",1,1,54,1,0.6875
"253",1,3,50,1,0
"254",0,5,39,1,0.5
"255",0,5,23,1,0.625
"256",0,4,46,1,0.3125
"257",1,2,70,2,0.5625
"258",0,6,55,3,0.5
"259",0,5,30,0,0.8125
"260",1,6,NA,NA,0.375
"261",1,5,60,1,0.25
"262",0,4,39,2,0.5
"263",1,4,58,0,0.5625
"264",0,4,26,1,0.5
"265",0,3,45,NA,0.5
"266",0,3,25,1,0.0625
"267",1,3,67,1,0.4375
"268",0,5,36,NA,0.25
"269",0,3,27,1,0.75
"270",1,2,23,1,0.6875
"271",1,2,29,1,0.6875
"272",1,6,90,2,0.375
"273",1,3,46,1,0.4375
"274",0,4,68,1,0.4375
"275",1,5,34,1,0.4375
"276",1,3,31,0,0.125
"277",1,4,57,0,0.125
"278",0,5,43,2,0.1875
"279",1,5,26,2,0.0625
"280",1,3,47,0,0.3125
"281",0,5,36,1,0.375
"282",1,5,43,NA,0.25
"283",1,3,74,1,0.5625
"284",1,1,54,2,NA
"285",1,5,38,1,0.1875
"286",NA,3,23,6,0.0625
"287",0,2,29,0,0.5
"288",1,3,60,2,0.5
"289",0,5,64,3,0.4375
"290",1,6,29,1,0.4375
"291",0,2,39,1,0.625
"292",1,3,57,2,0.3125
"293",0,5,24,NA,0.3125
"294",0,2,66,1,0.5
"295",1,4,58,1,0.25
"296",1,4,34,NA,0.1875
"297",1,6,51,1,0.1875
"298",1,6,36,2,0.0625
"299",1,2,34,1,0.3125
"300",0,6,51,4,0.25
"301",0,3,42,0,0.5
"302",1,5,76,0,0.8125
"303",0,4,74,1,0.5
"304",1,5,51,1,0.25
"305",0,1,53,1,0.3125
"306",0,3,84,NA,0.75
"307",0,6,38,0,0.25
"308",1,3,42,3,0.5
"309",1,1,41,2,0.1875
"310",1,5,51,1,0.5625
"311",0,6,28,1,0.3125
"312",1,3,52,1,0.5
"313",0,5,48,0,0.6875
"314",0,4,62,3,0.6875
"315",1,5,52,1,0.25
"316",1,2,87,1,0.5625
"317",0,6,81,5,0.3125
"318",0,6,34,4,0.125
"319",1,1,72,1,NA
"320",1,6,68,1,0.5
"321",0,4,53,1,0.375
"322",1,2,35,1,0.6875
"323",0,2,57,1,0.5625
"324",1,3,48,1,0
"325",1,2,66,1,0.6875
"326",1,5,36,3,0.125
"327",0,6,37,3,0
"328",0,4,49,1,NA
"329",1,4,34,2,0.0625
"330",0,6,54,2,0.25
"331",0,5,33,1,0.5625
"332",1,5,59,2,0.125
"333",1,2,80,2,NA
"334",1,6,52,1,0.5625
"335",1,3,31,1,0.125
"336",0,5,51,1,0.375
"337",1,3,43,1,0.3125
"338",1,5,37,1,0
"339",0,5,67,1,0.375
"340",0,5,64,1,0.5
"341",0,6,37,1,0.1875
"342",1,6,50,1,0.625
"343",0,5,74,1,0
"344",0,1,68,NA,0.3125
"345",1,4,30,1,0.375
"346",NA,2,57,2,NA
"347",0,4,30,1,0
"348",1,2,67,0,0.625
"349",1,2,18,0,0.625
"350",0,1,18,NA,0.5625
"351",0,6,67,1,0.5
"352",0,3,40,0,1
"353",0,3,37,1,NA
"354",0,6,77,2,0.1875
"355",1,3,NA,1,0.5
"356",1,2,75,1,0.3125
"357",0,6,71,6,0.125
"358",1,5,67,5,0.3125
"359",0,6,NA,NA,NA
"360",1,3,27,2,0.4375
"361",1,5,39,7,0.0625
"362",1,3,63,1,0.5625
"363",0,4,65,0,0.5625
"364",1,1,89,1,0.4375
"365",1,6,47,2,0
"366",0,2,66,0,0.4375
"367",0,1,66,2,NA
"368",1,6,27,1,0.5
"369",1,3,79,5,0.4375
"370",1,6,30,5,0.125
"371",0,2,55,1,NA
"372",1,2,22,1,0.625
"373",1,NA,66,1,NA
"374",0,3,29,5,0.75
"375",1,3,23,1,0.125
"376",1,6,51,1,0.5625
"377",1,3,67,0,0.1875
"378",NA,4,75,1,0.375
"379",1,1,40,NA,0.5
"380",1,6,45,1,0.5625
"381",0,1,37,NA,0.4375
"382",0,3,20,1,0.75
"383",0,6,47,0,0.8125
"384",0,1,54,1,0.6875
"385",1,4,28,0,0.3125
"386",1,2,49,1,0.4375
"387",0,3,60,4,0.5
"388",0,6,33,2,0.3125
"389",0,2,31,1,0.6875
"390",1,6,50,4,0.3125
"391",1,3,34,1,0.375
"392",0,2,37,2,0.4375
"393",0,3,62,1,0.3125
"394",1,4,45,0,0.1875
"395",1,2,21,0,0.5
"396",0,5,35,NA,0.3125
"397",0,6,56,3,0.25
"398",0,2,63,3,0.375
"399",1,3,85,4,0.125
"400",1,4,33,1,0.125
"401",1,2,80,NA,0.3125
"402",0,4,51,1,0.0625
"403",0,6,47,1,0.0625
"404",1,6,68,3,0
"405",1,1,53,2,0.3125
"406",1,5,32,1,0.0625
"407",0,1,53,1,0.25
"408",0,6,67,5,0.1875
"409",1,4,65,4,0.0625
"410",1,2,53,1,NA
"411",1,3,36,1,0.25
"412",1,2,23,1,0.4375
"413",1,3,54,1,0.5
"414",0,3,47,1,0.5
"415",0,6,80,6,0.5
"416",0,4,23,2,0.3125
"417",0,4,59,1,0.8125
"418",1,1,76,0,0.25
"419",1,6,33,1,0.125
"420",0,3,64,3,0.1875
"421",1,2,38,0,NA
"422",1,1,76,1,0.8125
"423",1,6,42,3,0.375
"424",0,4,23,4,0.375
"425",1,3,22,1,0.25
"426",0,3,21,1,0.0625
"427",0,5,44,3,0.25
"428",1,5,59,3,0.1875
"429",1,3,68,0,0.375
"430",0,2,65,1,0.4375
"431",0,6,58,2,0.125
"432",1,2,50,1,0.25
"433",0,4,37,2,0.1875
"434",1,3,69,2,0.625
"435",0,1,66,1,0.6875
"436",1,6,37,2,0.25
"437",0,1,18,1,0.8125
"438",1,4,67,1,0.75
"439",1,5,28,4,0.125
"440",0,5,45,0,0.375
"441",0,6,49,4,0.0625
"442",1,1,82,0,0.4375
"443",1,4,47,0,0.75
"444",1,4,71,1,0.3125
"445",1,4,59,2,0.5625
"446",NA,1,71,0,NA
"447",1,5,NA,1,0
"448",NA,2,61,1,NA
"449",1,3,58,1,0.6875
"450",0,1,36,0,0.4375
"451",1,3,72,0,0.75
"452",1,4,54,0,0.75
"453",1,3,NA,1,0.375
"454",0,2,20,5,0.3125
"455",0,5,24,2,0.5
"456",1,5,80,1,0.25
"457",0,6,46,3,0.375
"458",1,6,53,1,0.125
"459",1,3,37,0,0.5
"460",1,2,79,1,0.5625
"461",0,3,76,1,0.5625
"462",0,2,70,1,0.4375
"463",1,5,25,2,0.125
"464",1,3,37,1,0.25
"465",0,2,50,1,0.875
"466",0,2,37,1,0.5
"467",1,2,41,2,0.1875
"468",1,3,20,1,0
"469",0,5,23,2,0
"470",1,2,41,2,0.375
"471",1,6,74,8,0
"472",1,4,NA,1,0.375
"473",1,6,68,3,0.625
"474",1,1,78,0,0.375
"475",0,5,45,1,0.1875
"476",1,6,46,0,0.5
"477",1,4,44,1,0
"478",0,5,25,4,0.0625
"479",1,4,34,2,0.6875
"480",1,1,59,NA,0.75
"481",0,6,28,1,0
"482",1,3,NA,2,0.125
"483",1,3,36,1,0.8125
"484",0,4,52,NA,0.5625
"485",1,4,33,2,0.3125
"486",0,2,62,1,0.5
"487",0,5,73,2,0.375
"488",1,3,18,1,0.1875
"489",1,6,53,1,0.3125
"490",0,1,79,0,0.8125
"491",1,5,68,2,0.125
"492",1,2,80,NA,0.8125
"493",1,2,40,0,0.625
"494",NA,1,60,6,NA
"495",1,2,89,1,0.5625
"496",1,3,69,1,0.0625
"497",0,5,28,NA,0.1875
"498",1,6,36,3,0
"499",0,4,18,1,0.375
"500",0,2,40,1,0.75
"501",1,5,26,1,0.25
"502",1,3,55,0,0.375
"503",0,2,20,0,1
"504",0,5,49,1,0.25
"505",0,1,20,1,0.5
"506",0,5,29,1,0.625
"507",1,4,55,NA,0.75
"508",0,1,38,1,0.5
"509",0,3,24,1,0.25
"510",1,5,68,1,0.3125
"511",0,5,45,1,0.0625
"512",1,2,72,1,0.8125
"513",1,4,71,1,0.5
"514",1,6,56,1,0.1875
"515",1,4,21,1,0
"516",1,2,57,1,0
"517",0,2,85,2,0.375
"518",1,5,38,2,0.5625
"519",1,6,41,1,0.1875
"520",0,1,50,1,0.8125
"521",1,4,44,4,0.0625
"522",1,5,27,1,0.5
"523",1,4,50,NA,0.1875
"524",1,4,25,1,0.875
"525",NA,4,38,1,NA
"526",0,6,81,6,0.375
"527",0,1,64,3,0.375
"528",1,2,29,NA,0.5
"529",1,4,59,2,0.5
"530",1,4,52,NA,0.125
"531",0,2,48,0,0.5625
"532",0,6,37,1,0
"533",1,6,52,2,0.25
"534",1,6,66,1,0.25
"535",1,3,20,1,0.25
"536",1,3,26,0,0.375
"537",0,2,41,1,0.6875
"538",0,5,25,3,0.125
"539",1,3,64,4,0.3125
"540",1,5,36,1,0.625
"541",0,3,34,NA,0.8125
"542",1,6,63,1,0
"543",0,3,58,2,0.625
"544",1,2,52,2,0.25
"545",1,3,65,2,0.3125
"546",1,3,22,1,0.625
"547",1,6,55,3,0.25
"548",1,4,46,1,0
"549",0,1,79,0,0.6875
"550",1,3,33,1,0.875
"551",1,5,32,1,0.4375
"552",0,2,67,NA,0.25
"553",1,5,44,5,0.875
"554",1,3,55,1,0.25
"555",1,2,30,2,0.625
"556",1,2,46,1,0.375
"557",1,5,90,2,0.125
"558",0,4,23,2,0
"559",1,3,74,1,0.625
"560",1,6,22,1,0.1875
"561",0,4,69,1,0.625
"562",1,3,37,1,0.125
"563",1,4,28,NA,0.5
"564",1,4,60,1,0.375
"565",1,3,19,1,0
"566",1,2,65,1,0.4375
"567",1,1,76,0,0.625
"568",1,4,70,4,0.1875
"569",1,6,69,1,0.1875
"570",1,5,NA,0,0.1875
"571",1,2,62,1,0.5625
"572",1,5,37,0,0.375
"573",1,6,65,1,0.0625
"574",0,3,66,2,0.8125
"575",1,3,70,NA,0.125
"576",1,4,34,1,0.4375
"577",0,6,77,3,0.75
"578",1,3,25,1,0.6875
"579",0,6,50,2,0.25
"580",0,4,69,2,0.125
"581",0,6,50,1,0.6875
"582",NA,4,24,2,0.1875
"583",1,5,55,NA,0.1875
"584",1,1,66,NA,0.1875
"585",0,2,52,1,0.5625
"586",0,6,42,1,0.4375
"587",1,5,37,1,0.0625
"588",1,6,NA,0,0.5
"589",0,6,27,1,0
"590",0,5,38,1,0.5
"591",1,6,49,NA,0.1875
"592",1,3,28,1,0.5625
"593",1,6,54,7,0
"594",1,2,33,1,0.5
"595",1,5,41,NA,0.1875
"596",1,6,53,NA,0.8125
"597",1,3,38,1,0.25
"598",1,6,NA,0,0.5625
"599",1,5,47,2,0.5
"600",0,3,35,1,0.4375
"601",1,2,56,2,0.1875
"602",0,2,46,1,0.625
"603",1,3,68,1,0.4375
"604",1,5,60,NA,0.25
"605",1,5,86,2,0
"606",0,4,34,NA,0.4375
"607",0,6,89,NA,0.25
"608",0,6,36,NA,0.5
"609",1,3,65,NA,0.375
"610",1,3,27,1,0.375
"611",0,5,44,1,0.375
"612",1,6,75,2,0.4375
"613",0,5,69,NA,0.4375
"614",0,4,72,NA,0.625
"615",1,5,39,1,0
"616",0,2,34,2,0.25
"617",0,5,63,1,0.5625
"618",0,2,61,5,0.625
"619",1,5,48,2,0.375
"620",0,5,35,2,0
"621",1,1,21,NA,0.3125
"622",0,6,64,1,0.1875
"623",0,6,36,0,0
"624",0,2,23,1,0.5625
"625",1,5,64,2,0.625
"626",0,6,59,4,0.625
"627",1,2,53,1,0.625
"628",1,2,57,1,0.25
"629",1,3,84,1,0.375
"630",0,2,44,1,0.5
"631",0,5,24,1,0.625
"632",1,5,48,1,0.3125
"633",1,1,62,1,0.125
"634",1,5,66,1,0.5
"635",1,5,69,1,0.3125
"636",1,4,54,2,0.1875
"637",1,2,70,1,0.6875
"638",1,6,44,0,0.5
"639",1,4,56,2,0.5
"640",1,3,59,1,0.1875
"641",0,6,53,2,0.5
"642",1,5,60,2,0.25
"643",1,4,58,2,0.5
"644",0,2,54,NA,0.625
"645",0,4,32,NA,0.3125
"646",0,5,35,6,0
"647",0,4,36,1,0.5
"648",1,3,80,1,0.4375
"649",1,2,65,NA,0.5
"650",0,5,40,1,0.625
"651",0,4,20,0,0.625
"652",0,2,36,1,1
"653",0,3,19,0,0.5
"654",1,6,39,1,0
"655",1,6,41,1,0
"656",0,3,33,1,1
"657",1,5,35,1,0
"658",1,5,57,1,0
"659",1,3,31,1,0.125
"660",0,4,21,0,0.4375
"661",0,2,26,2,0.5
"662",0,2,22,0,0.5
"663",1,5,32,4,0
"664",1,2,40,NA,0.625
"665",NA,6,33,3,0.0625
"666",1,2,55,1,0.6875
"667",1,2,86,NA,0.0625
"668",1,6,51,1,0.4375
"669",1,4,61,1,0.1875
"670",0,2,63,0,0.25
"671",0,3,71,2,0.5
"672",0,5,46,0,0.5625
"673",1,6,34,0,0.1875
"674",0,3,25,1,0.375
"675",0,5,61,NA,NA
"676",NA,NA,90,NA,0
"677",1,4,20,2,0.0625
"678",1,4,30,NA,0.5
"679",0,5,76,3,0.4375
"680",0,4,41,1,0
"681",1,6,50,3,0
"682",1,4,73,4,0.5
"683",0,1,32,1,0.5625
"684",0,2,62,NA,0.375
"685",1,4,56,1,0.5
"686",0,5,24,NA,0
"687",1,2,34,1,0.625
"688",1,4,70,1,0.4375
"689",0,3,57,1,0.3125
"690",1,5,35,3,0.6875
"691",0,1,53,1,0.625
"692",1,5,67,2,0.4375
"693",1,2,21,2,0
"694",1,3,20,2,0.5
"695",1,5,40,NA,0.625
"696",1,3,61,1,0.375
"697",1,5,58,0,0.125
"698",1,5,36,2,0.1875
"699",0,5,25,NA,0.0625
"700",1,4,57,0,0.6875
"701",1,2,71,NA,0.5
"702",1,6,39,NA,0.5625
"703",0,3,NA,NA,NA
"704",1,6,65,1,0.5
"705",1,4,21,0,0.5625
"706",0,1,41,1,0.625
"707",1,2,51,2,0.75
"708",0,5,67,3,0.5
"709",1,5,29,2,0.3125
"710",1,3,31,1,0.1875
"711",1,3,21,1,0.1875
"712",1,6,NA,1,0.375
"713",0,5,52,3,0.5
"714",0,1,60,1,0.6875
"715",1,5,64,1,0.625
"716",1,5,41,NA,0.1875
"717",1,5,29,1,0.4375
"718",0,1,83,3,0.0625
"719",1,5,37,1,0
"720",1,5,56,NA,0.4375
"721",1,5,53,NA,0.0625
"722",1,6,72,1,0.75
"723",0,2,37,0,0.75
"724",1,5,69,NA,0.25
"725",1,3,21,1,0.5
"726",0,2,45,2,0.875
"727",1,3,40,1,0.5
"728",1,3,49,1,0.5625
"729",1,5,25,3,0
"730",0,2,33,0,0.75
"731",1,5,41,1,0.625
"732",1,6,67,5,0
"733",1,4,47,1,0.25
"734",1,5,53,0,0.5625
"735",1,2,62,1,0.375
"736",1,6,72,3,0.25
"737",1,4,45,NA,0.25
"738",1,3,52,NA,0.5
"739",1,6,49,2,0.0625
"740",1,2,18,1,0.625
"741",1,3,21,0,0.375
"742",0,5,50,0,0.1875
"743",1,6,68,1,0.25
"744",0,5,60,1,0.5
"745",0,6,47,1,0.375
"746",0,2,68,0,0.6875
"747",0,3,20,2,0.75
"748",1,4,65,NA,0.625
"749",1,4,36,1,0.125
"750",1,3,58,1,0
"751",1,5,82,1,0.5
"752",0,6,53,7,0.125
"753",1,5,54,1,0.125
"754",0,5,25,5,0.25
"755",1,3,35,0,0.4375
"756",0,2,38,0,0.5625
"757",1,1,52,4,0.0625
"758",1,6,48,1,0.375
"759",0,2,26,5,0.5
"760",0,6,54,2,0.5
"761",1,3,49,2,0.375
"762",1,5,32,NA,0.5
"763",0,6,67,1,0.1875
"764",0,5,NA,1,0.0625
"765",1,6,57,3,0
"766",1,5,56,3,0.0625
"767",0,4,87,NA,0.5
"768",0,6,36,1,0
"769",1,6,28,0,0.25
"770",1,5,29,1,0
"771",1,6,47,0,0.0625
"772",1,6,30,1,0.0625
"773",1,6,37,1,0.1875
"774",0,2,51,3,0.5625
"775",1,3,19,1,0.25
"776",1,3,32,0,0.125
"777",1,4,48,2,0.375
"778",0,6,64,2,0.3125
"779",1,3,90,2,0.125
"780",1,3,46,1,0.125
"781",1,6,65,4,0.25
"782",1,5,27,1,0.1875
"783",0,3,51,1,0.625
"784",1,5,46,1,0.375
"785",1,3,20,NA,0.3125
"786",1,3,NA,1,0.5
"787",0,4,68,4,0.5
"788",1,4,36,NA,0.0625
"789",1,4,71,NA,0.125
"790",0,5,39,1,0.5
"791",1,6,44,1,0.3125
"792",0,5,26,1,0.5
"793",0,2,39,NA,0.875
"794",1,2,70,NA,0.375
"795",1,2,57,1,0.25
"796",1,3,32,1,NA
"797",1,3,84,1,0.375
"798",0,5,25,4,0.0625
"799",0,6,48,4,0.25
"800",0,5,28,1,0.625
"801",0,3,54,1,0.625
"802",0,6,37,1,0.0625
"803",0,4,60,1,0.5625
"804",1,3,75,4,0.5
"805",0,4,21,2,0.0625
"806",0,5,47,1,0.625
"807",1,5,23,2,0.0625
"808",0,4,26,0,0.5
"809",0,4,42,NA,NA
"810",1,3,65,1,0.125
"811",0,5,64,1,0.25
"812",0,2,41,0,0
"813",1,2,62,5,0.375
"814",0,2,19,1,0.0625
"815",1,5,74,1,0.4375
"816",1,3,37,1,0
"817",1,3,64,0,0.4375
"818",1,5,39,1,0.0625
"819",1,6,29,3,0.1875
"820",0,6,28,NA,0.125
"821",0,1,67,0,0.5625
"822",1,2,74,1,0.1875
"823",NA,6,NA,2,0.5
"824",0,6,74,1,0.5625
"825",1,2,66,1,0.625
"826",0,6,65,NA,NA
"827",1,3,22,0,0.4375
"828",0,3,72,0,0.625
"829",1,3,49,NA,0.625
"830",0,1,41,NA,0.5
"831",0,2,48,NA,0.25
"832",0,3,21,1,0.0625
"833",0,5,27,1,0.6875
"834",1,2,84,NA,0.1875
"835",0,4,56,5,0
"836",0,NA,72,1,0.0625
"837",0,2,24,4,0.5625
"838",0,2,22,NA,0.5
"839",1,4,33,NA,0.75
"840",1,3,69,3,0.0625
"841",0,5,68,NA,0.5
"842",1,6,59,0,0
"843",0,6,33,1,0.5
"844",1,5,NA,6,0.1875
"845",1,3,39,1,0.5625
"846",0,6,34,3,0.3125
"847",1,3,33,0,0.4375
"848",0,5,62,1,0.5
"849",0,6,73,5,0
"850",1,2,90,2,0.75
"851",1,3,59,0,0.5
"852",0,5,82,NA,0.4375
"853",1,3,90,0,0.5
"854",0,2,30,3,0.375
"855",0,3,49,1,0.5625
"856",0,4,75,3,0.3125
"857",0,6,34,1,0.125
"858",1,6,41,2,0.0625
"859",0,5,26,NA,0.4375
"860",0,2,36,0,0.4375
"861",1,3,56,NA,0.0625
"862",0,3,20,3,0.0625
"863",1,6,NA,1,0.0625
"864",1,3,71,0,0.625
"865",1,6,35,3,0.125
"866",0,2,66,NA,0.5
"867",1,5,26,1,0.25
"868",0,5,41,1,0.4375
"869",1,5,26,1,0.5
"870",1,3,24,0,NA
"871",0,6,83,NA,0.6875
"872",1,5,70,1,0.375
"873",0,6,81,2,0.3125
"874",0,5,60,3,0.5625
"875",1,2,51,NA,0.5625
"876",0,6,41,1,0
"877",1,6,32,2,0
"878",1,3,19,1,0
"879",0,2,21,8,0.75
"880",1,2,24,0,0.9375
"881",1,2,60,0,0.1875
"882",1,4,41,1,0.5
"883",1,5,39,NA,NA
"884",1,4,80,0,0.4375
"885",1,1,28,1,0.6875
"886",0,6,79,NA,0.3125
"887",0,6,30,0,0
"888",1,5,52,NA,0.25
"889",1,5,38,1,0.1875
"890",0,5,32,1,0
"891",1,1,20,1,0.25
"892",1,4,63,1,0.1875
"893",0,6,55,2,0.0625
"894",1,6,60,2,0.0625
"895",1,4,35,1,0.1875
"896",1,4,67,1,0.1875
"897",1,4,58,0,0.625
"898",1,6,28,5,0.0625
"899",1,3,23,1,0.5625
"900",1,6,37,2,0.0625
"901",1,6,64,5,0.25
"902",1,6,64,1,0.3125
"903",1,2,46,NA,0.5
"904",1,5,70,3,0.0625
"905",1,3,38,1,0.375
"906",1,3,34,1,0.375
"907",1,5,42,4,0.0625
"908",1,5,39,2,0.25
"909",0,2,53,1,0.5
"910",0,4,59,2,0.3125
"911",1,2,27,0,0
"912",0,5,NA,1,0.25
"913",1,1,37,0,0.5625
"914",0,5,41,2,0.5
"915",0,6,49,3,0.25
"916",0,5,31,1,0.3125
"917",NA,3,32,1,0
"918",1,5,36,1,0.0625
"919",1,1,34,NA,0.625
"920",1,5,30,1,0.25
"921",0,2,67,1,0.375
"922",0,5,58,1,0.1875
"923",0,6,71,NA,NA
"924",1,2,57,1,0.375
"925",1,6,38,1,0.5
"926",1,6,61,NA,NA
"927",0,2,63,1,0.75
"928",0,4,60,1,0.6875
"929",1,6,59,1,0.25
"930",1,5,40,1,0.25
"931",1,4,40,1,0.25
"932",1,6,42,1,0.5
"933",1,5,63,2,0
"934",0,3,26,1,0.5625
"935",1,5,27,NA,0.25
"936",0,5,32,0,0.0625
"937",1,1,39,NA,0.5
"938",1,6,32,3,0.5
"939",1,6,68,4,0.0625
"940",0,5,30,1,0
"941",1,4,46,1,0.4375
"942",1,6,60,6,0.125
"943",1,4,46,1,0.3125
"944",1,1,37,0,0.5
"945",1,6,63,1,0.1875
"946",0,6,39,NA,0.5625
"947",0,5,54,0,NA
"948",0,2,18,1,0.4375
"949",0,3,26,NA,0.6875
"950",1,6,50,3,0.0625
"951",1,4,46,2,0.25
"952",0,4,35,1,0.5
"953",1,6,33,2,0.375
"954",1,4,78,1,0.375
"955",1,2,18,1,0.3125
"956",1,2,21,NA,0.0625
"957",1,6,35,5,0
"958",1,6,32,1,0.0625
"959",0,4,35,1,0.25
"960",0,4,64,6,0.8125
"961",1,2,66,1,0.5
"962",1,5,31,0,0.3125
"963",1,2,65,1,0.875
"964",1,6,51,1,0.75
"965",1,3,45,2,0.25
"966",0,4,51,1,0.375
"967",0,5,42,2,0.125
"968",0,2,69,NA,0.25
"969",1,6,87,1,0.375
"970",1,2,74,1,0.3125
"971",1,2,56,1,0.4375
"972",0,2,28,NA,0.375
"973",0,5,36,2,0.375
"974",1,3,21,NA,0.0625
"975",0,4,42,NA,1
"976",1,2,46,NA,0.8125
"977",0,6,NA,NA,0.1875
"978",1,1,63,NA,0.3125
"979",0,3,48,1,0.6875
"980",0,2,20,NA,0.5625
"981",0,6,58,1,0.3125
"982",0,5,22,1,0.0625
"983",NA,6,NA,2,0.0625
"984",1,6,54,4,0
"985",1,6,40,4,0
"986",1,2,35,3,0.5
"987",0,6,65,1,0.0625
"988",0,3,66,1,0
"989",1,2,50,1,0.3125
"990",1,6,NA,5,0.375
"991",1,1,90,0,0.5625
"992",0,5,32,1,0.25
"993",1,5,25,2,0
"994",1,6,48,5,0
"995",0,4,25,1,0.75
"996",0,6,57,2,0.125
"997",0,2,19,3,0.125
"998",1,6,32,1,0.5
"999",1,3,53,0,0.3125
"1000",0,2,25,1,0.9375
"1001",1,2,19,2,1
"1002",1,3,35,1,0.1875
"1003",0,4,32,1,0.1875
"1004",0,3,34,NA,0.5
"1005",1,6,67,4,0.25
"1006",1,5,79,4,0.375
"1007",1,5,30,0,0.0625
"1008",1,1,90,1,0.25
"1009",0,2,37,0,0.5625
"1010",0,3,41,NA,0.5
"1011",1,3,59,3,0.0625
"1012",0,3,36,NA,0.1875
"1013",0,3,38,2,0.5625
"1014",1,5,47,0,0.1875
"1015",0,3,67,1,0.9375
"1016",1,3,57,1,0.4375
"1017",1,5,41,1,0.0625
"1018",1,6,27,1,0.4375
"1019",1,3,21,1,0.4375
"1020",1,5,70,1,0.3125
"1021",1,6,65,NA,0.25
"1022",0,5,65,2,0.625
"1023",0,5,64,1,0.5
"1024",1,3,25,1,0.5
"1025",0,4,64,1,0.5625
"1026",1,6,59,NA,0.5
"1027",0,4,31,1,0.125
"1028",0,4,70,1,0.3125
"1029",0,4,37,1,0.4375
"1030",0,NA,65,1,0.75
"1031",0,6,NA,NA,0.5
"1032",0,1,65,NA,0.75
"1033",1,2,28,2,0.5625
"1034",0,5,56,1,0.125
"1035",0,2,34,1,0.5
"1036",0,5,55,4,0.4375
"1037",0,2,64,1,0.4375
"1038",1,6,29,1,0.125
"1039",1,5,66,2,0
"1040",0,3,71,1,0.4375
"1041",1,2,81,1,0.3125
"1042",1,2,22,0,0.6875
"1043",0,3,78,2,0.5
"1044",0,5,34,1,0.5625
"1045",1,3,20,1,0
"1046",1,3,69,NA,0.375
"1047",1,1,55,1,0.9375
"1048",1,2,63,0,0.75
"1049",1,3,55,1,0.1875
"1050",0,6,83,2,0.1875
"1051",1,2,46,6,0.75
"1052",1,3,61,0,0.3125
"1053",1,6,36,1,0.5
"1054",0,5,30,4,0.0625
"1055",0,6,33,3,0.3125
"1056",1,2,24,NA,0.5
"1057",0,6,66,NA,0.375
"1058",1,1,20,2,0.0625
"1059",1,5,56,1,0.4375
"1060",0,5,81,NA,0.75
"1061",0,1,61,NA,0.5
"1062",1,5,42,1,0.6875
"1063",1,6,35,1,0.5
"1064",0,2,75,4,0.5
"1065",0,2,56,1,0.5
"1066",1,5,27,1,0.0625
"1067",0,2,19,1,0.625
"1068",0,4,56,1,0.375
"1069",0,6,56,3,0.25
"1070",0,5,25,1,0.1875
"1071",1,6,64,2,0
"1072",1,3,20,0,0.5
"1073",0,5,75,NA,0.4375
"1074",0,1,38,1,0.375
"1075",0,5,50,3,0.0625
"1076",0,1,61,1,1
"1077",0,2,30,0,0.25
"1078",0,6,48,1,0.1875
"1079",1,1,66,2,0.75
"1080",1,1,31,2,0.9375
"1081",1,2,59,1,0.4375
"1082",1,3,21,1,0.0625
"1083",0,1,23,0,0.8125
"1084",1,4,44,2,0.4375
"1085",0,5,72,5,0.125
"1086",0,4,52,5,0.125
"1087",1,5,33,1,0.4375
"1088",1,2,60,1,0.4375
"1089",1,3,51,1,0.0625
"1090",1,5,45,2,0.125
"1091",1,3,55,1,0.4375
"1092",0,5,24,1,0.375
"1093",1,3,21,0,0.4375
"1094",1,5,68,4,0.5
"1095",0,3,39,0,0.25
"1096",1,1,51,1,0.0625
"1097",1,2,71,0,0.75
"1098",0,5,58,1,0.5625
"1099",0,2,37,1,0.1875
"1100",0,6,67,3,0
"1101",0,1,73,NA,0.125
"1102",1,2,60,1,0.5
"1103",1,2,37,3,0.125
"1104",1,6,28,1,0.25
"1105",1,2,68,1,0.1875
"1106",NA,4,31,0,NA
"1107",0,5,62,1,0.25
"1108",1,1,68,NA,0.375
"1109",1,3,67,1,0.625
"1110",1,6,63,3,0.125
"1111",1,5,54,1,0.125
"1112",0,2,63,2,0.3125
"1113",1,5,30,0,0.5
"1114",1,3,44,1,0.5
"1115",1,2,75,2,NA
"1116",1,6,42,4,0.1875
"1117",1,4,53,1,0.5
"1118",1,6,69,1,0.25
"1119",0,6,63,2,0.125
"1120",0,3,57,NA,0.5625
"1121",1,2,66,1,0.625
"1122",0,6,55,2,0.625
"1123",0,2,23,5,0.6875
"1124",0,1,57,1,0.75
"1125",1,4,50,1,0.375
"1126",1,5,68,1,0.4375
"1127",NA,4,39,1,0.5
"1128",0,6,65,2,0.1875
"1129",1,3,71,NA,0.25
"1130",0,6,61,8,0.875
"1131",1,4,44,0,0.3125
"1132",1,3,62,1,0.1875
"1133",1,5,27,1,0.0625
"1134",1,6,35,2,0.125
"1135",0,6,56,3,0.625
"1136",0,6,39,NA,0
"1137",0,2,69,NA,0.75
"1138",1,4,53,1,0.375
"1139",1,5,68,1,0.1875
"1140",0,5,69,1,0
"1141",1,5,60,1,0.25
"1142",1,3,30,2,0.75
"1143",0,3,67,0,0.375
"1144",0,3,33,0,0.625
"1145",1,5,25,2,0
"1146",0,4,56,2,0.5625
"1147",0,3,53,1,0.875
"1148",1,5,36,1,0.1875
"1149",0,2,76,0,0.375
"1150",1,5,68,2,0.25
"1151",0,6,31,4,0.5
"1152",1,5,25,1,0.125
"1153",0,4,54,1,0.0625
"1154",0,4,32,NA,0.0625
"1155",1,4,60,4,0.1875
"1156",1,3,63,6,0
"1157",1,3,28,2,0.375
"1158",0,6,42,1,0.3125
"1159",0,2,33,NA,0.5
"1160",1,5,57,5,0.4375
"1161",1,6,34,1,0.4375
"1162",0,3,54,5,0
"1163",0,3,63,1,0.5625
"1164",1,3,35,0,0.1875
"1165",0,2,31,1,0.125
"1166",1,2,26,2,0.375
"1167",1,2,42,1,0.4375
"1168",0,5,68,1,0.125
"1169",1,6,65,4,0.1875
"1170",1,3,49,NA,0.1875
"1171",1,3,66,NA,0.25
"1172",0,5,37,NA,0.6875
"1173",1,5,58,2,0.6875
"1174",1,5,35,2,0.1875
"1175",1,3,47,0,0.5
"1176",1,4,39,1,0.0625
"1177",1,3,53,1,0.125
"1178",1,2,42,1,0.4375
"1179",1,6,53,2,0
"1180",0,5,31,4,0.3125
"1181",NA,6,NA,1,NA
"1182",1,5,39,1,0.4375
"1183",0,3,35,1,0.4375
"1184",0,6,25,1,0.3125
"1185",1,6,70,1,0
"1186",1,5,38,2,0.3125
"1187",1,4,28,0,0.5
"1188",0,2,46,NA,0.5
"1189",1,2,79,0,0.5625
"1190",1,6,69,5,0.125
"1191",0,3,50,6,0
"1192",1,5,26,NA,0
"1193",0,6,68,5,0.5625
"1194",1,5,20,2,0.625
"1195",0,6,27,1,0.1875
"1196",1,2,57,6,0.5
"1197",1,4,30,1,0.4375
"1198",1,3,40,0,0.625
"1199",0,4,36,2,0.1875
"1200",0,6,44,2,0.25
"1201",1,1,55,0,0.4375
"1202",1,5,33,0,0
"1203",1,3,58,2,0.5625
"1204",1,3,57,1,0.25
"1205",0,5,28,2,0.3125
"1206",1,4,37,1,0
"1207",1,6,37,1,0.1875
"1208",1,6,66,5,0.25
"1209",1,2,75,1,0
"1210",0,4,33,0,0.1875
"1211",1,5,26,2,0.5
"1212",0,5,72,2,0.625
"1213",0,5,66,1,0.3125
"1214",0,2,52,1,0.1875
"1215",1,1,45,1,0.625
"1216",1,3,37,NA,0
"1217",1,5,39,0,0.375
"1218",0,3,35,1,0.375
"1219",1,1,46,2,0.5
"1220",0,5,33,6,0.1875
"1221",0,2,39,0,0.0625
"1222",1,4,54,NA,0.125
"1223",0,2,25,1,0.5625
"1224",1,5,22,2,0
"1225",1,4,29,1,0.3125
"1226",1,5,38,NA,0.375
"1227",1,4,37,1,0.5
"1228",1,2,49,0,0.75
"1229",0,3,19,0,0.5
"1230",0,1,56,NA,1
"1231",1,4,67,1,NA
"1232",0,2,39,2,0.5
"1233",0,4,57,1,0.25
"1234",0,5,47,2,0.5625
"1235",0,3,20,NA,0.5
"1236",0,3,71,1,0.375
"1237",0,2,68,1,0.5625
"1238",1,6,59,NA,0.1875
"1239",1,5,23,1,0
"1240",1,3,57,1,0.125
"1241",1,3,84,3,0.25
"1242",1,5,54,1,0
"1243",0,3,58,1,0.625
"1244",1,3,38,3,0.125
"1245",1,6,71,4,0
"1246",0,3,57,1,0.25
"1247",1,2,73,0,0.5625
"1248",1,6,70,2,0.0625
"1249",1,3,68,3,0.25
"1250",1,5,58,NA,0.4375
"1251",0,3,53,NA,0.25
"1252",1,3,39,0,0.625
"1253",0,2,27,1,0.5
"1254",1,3,51,NA,0.375
"1255",1,3,46,1,0.125
"1256",1,4,81,4,0.375
"1257",0,3,78,0,0.5625
"1258",1,1,35,0,0.4375
"1259",1,5,72,1,0
"1260",1,1,81,1,0.375
"1261",1,2,65,1,0.5
"1262",1,2,82,1,0.4375
"1263",1,4,79,3,0.375
"1264",0,5,57,1,0.125
"1265",1,2,27,0,0.5625
"1266",0,4,35,4,0
"1267",1,3,58,1,0.125
"1268",1,6,76,3,0.3125
"1269",1,3,22,NA,0.0625
"1270",0,1,60,1,0.5
"1271",1,2,38,NA,0.625
"1272",1,6,57,1,0.0625
"1273",0,1,60,NA,NA
"1274",0,4,20,1,0.5625
"1275",1,2,62,0,0.25
"1276",1,2,34,1,0.125
"1277",0,6,74,2,0.4375
"1278",0,2,61,1,0.875
"1279",1,4,50,1,0
"1280",0,2,32,1,0.75
"1281",1,4,36,1,0.5625
"1282",1,2,68,2,0.4375
"1283",1,3,55,1,0.6875
"1284",1,4,62,NA,0.4375
"1285",1,2,33,1,0.5625
"1286",0,3,45,3,0.375
"1287",1,3,25,1,0.5
"1288",0,1,78,NA,0.5
"1289",1,6,72,3,0.25
"1290",0,3,54,NA,0.125
"1291",1,6,32,0,0.5
"1292",0,3,68,1,0.0625
"1293",1,6,31,2,0.1875
"1294",1,5,60,1,0.1875
"1295",1,3,38,4,0.5
"1296",0,2,58,1,0.5
"1297",0,6,82,NA,0.25
"1298",0,3,29,NA,0.625
"1299",1,2,30,1,0.5
"1300",0,5,56,2,0.375
"1301",1,6,39,2,0.5
"1302",0,2,41,0,0.625
"1303",1,3,21,1,0.3125
"1304",1,2,37,2,0.0625
"1305",1,6,25,0,0.125
"1306",1,3,68,1,0.3125
"1307",0,4,53,NA,0
"1308",0,5,25,2,0.375
"1309",1,6,56,6,0
"1310",0,4,49,NA,0.375
"1311",0,3,27,1,0.5
"1312",0,4,23,NA,0.3125
"1313",0,3,45,1,0.375
"1314",0,3,74,1,0.5625
"1315",0,3,32,1,0.625
"1316",1,6,58,2,0
"1317",1,6,31,8,0.4375
"1318",0,2,18,1,0.375
"1319",0,2,NA,1,0.625
"1320",1,3,40,6,0
"1321",1,5,42,1,0.0625
"1322",0,5,63,1,0.25
"1323",1,5,29,1,0
"1324",0,5,55,2,0.625
"1325",0,5,45,1,0.3125
"1326",1,6,90,4,0.25
"1327",1,5,49,1,0.375
"1328",1,2,89,NA,0.0625
"1329",1,3,31,5,0.125
"1330",1,5,27,2,0.0625
"1331",1,3,20,1,0.25
"1332",0,4,26,0,0.1875
"1333",1,3,74,1,0.25
"1334",1,6,67,3,0.125
"1335",0,1,19,1,0.3125
"1336",1,6,36,NA,0.1875
"1337",0,1,47,1,0.625
"1338",0,5,45,1,0.4375
"1339",1,4,52,2,0.9375
"1340",0,5,47,1,0.375
"1341",1,5,66,2,0
"1342",0,5,32,3,0
"1343",1,6,41,1,0.0625
"1344",0,1,86,1,0.5
"1345",1,6,62,1,0.1875
"1346",1,3,20,1,0.5
"1347",0,4,30,0,0.375
"1348",0,5,26,3,0
"1349",1,5,48,0,0
"1350",1,6,68,2,0.0625
"1351",0,5,84,1,0.4375
"1352",1,6,66,NA,0.0625
"1353",1,5,58,3,0.125
"1354",0,1,34,1,1
"1355",0,4,57,1,0.5625
"1356",0,4,36,2,0.25
"1357",1,3,26,0,0.25
"1358",1,3,27,0,0.375
"1359",0,2,51,2,0.375
"1360",1,1,57,NA,0.75
"1361",1,5,78,1,0.25
"1362",1,5,55,1,0
"1363",0,3,27,1,0.25
"1364",0,2,61,1,0.4375
"1365",1,5,55,1,0.4375
"1366",NA,6,52,1,NA
"1367",0,5,80,0,0.6875
"1368",1,3,29,1,0.1875
"1369",0,5,33,1,0
"1370",1,6,25,1,0.5
"1371",0,5,22,1,0.125
"1372",1,2,45,1,0.4375
"1373",1,5,51,1,0.3125
"1374",1,4,63,1,0.3125
"1375",1,1,18,4,0.125
"1376",0,5,56,1,0.25
"1377",1,5,56,3,0.6875
"1378",1,1,70,NA,0.25
"1379",0,6,62,1,0.3125
"1380",0,4,64,1,0.25
"1381",0,3,54,5,0.3125
"1382",0,6,60,2,0
"1383",1,3,NA,0,0.4375
"1384",1,6,37,1,0.0625
"1385",1,3,22,1,0.25
"1386",1,5,69,3,0.4375
"1387",1,6,37,2,0
"1388",0,6,58,1,0.5
"1389",1,6,28,1,0.125
"1390",0,6,72,1,0.6875
"1391",1,6,36,1,0
"1392",1,3,83,1,0.5625
"1393",1,2,90,2,0.5625
"1394",1,2,29,NA,0.3125
"1395",0,5,35,0,0.4375
"1396",1,6,39,1,0.125
"1397",1,2,22,0,0
"1398",1,5,60,2,0
"1399",1,3,70,0,0.3125
"1400",1,3,31,1,0.3125
"1401",0,3,33,2,0.4375
"1402",1,4,56,4,0.5625
"1403",1,2,20,1,0.3125
"1404",0,2,27,0,0.625
"1405",0,6,72,NA,0.0625
"1406",1,6,48,4,0.625
"1407",0,1,27,1,0.5
"1408",1,3,60,1,0.125
"1409",1,3,71,1,0.25
"1410",1,6,57,1,0.3125
"1411",1,1,77,0,0.6875
"1412",1,2,25,0,0.0625
"1413",0,6,NA,1,0.125
"1414",0,3,37,1,0.4375
"1415",0,2,23,0,0.5
"1416",0,5,42,1,0.5
"1417",1,2,36,1,0.5
"1418",1,1,30,2,0.75
"1419",1,5,50,1,0.3125
"1420",0,5,70,2,0.5625
"1421",0,6,74,4,0
"1422",1,2,75,0,0.5
"1423",1,6,69,2,0.125
"1424",1,5,25,1,0.125
"1425",1,4,42,0,0.375
"1426",1,2,76,4,0.375
"1427",0,5,34,1,0.1875
"1428",1,6,55,3,0.0625
"1429",1,2,65,1,0.125
"1430",1,6,55,NA,0.125
"1431",1,5,60,2,0.25
"1432",1,2,67,NA,0.375
"1433",1,2,34,2,0.375
"1434",1,5,37,2,0.0625
"1435",0,5,29,1,0.5
"1436",NA,1,NA,NA,NA
"1437",0,5,32,3,0.1875
"1438",0,3,62,NA,0.375
"1439",1,6,78,1,0.3125
"1440",1,6,63,3,0.0625
"1441",1,3,54,2,0.0625
"1442",1,2,58,NA,NA
"1443",0,2,81,3,0.375
"1444",1,6,41,1,0.125
"1445",1,6,55,2,0.3125
"1446",0,5,58,3,0.375
"1447",1,5,54,3,0.3125
"1448",1,6,37,0,0.5625
"1449",1,3,56,2,0.4375
"1450",1,3,63,1,0.3125
"1451",0,5,32,2,0.25
"1452",1,6,39,NA,0
"1453",1,5,53,1,0.1875
"1454",NA,5,63,0,0.3125
"1455",1,1,68,1,0.8125
"1456",1,2,68,1,0.5
"1457",0,3,39,1,0.5625
"1458",1,4,47,1,0.125
"1459",1,4,67,0,0.5625
"1460",1,4,66,NA,0.75
"1461",1,2,19,4,0
"1462",0,2,46,2,0.8125
"1463",1,5,61,2,0.25
"1464",1,3,56,NA,0.125
"1465",1,6,55,4,0
"1466",0,1,60,0,NA
"1467",1,3,31,1,0.25
"1468",0,5,28,2,0
"1469",1,6,64,2,0.1875
"1470",0,6,53,2,0
"1471",0,3,53,NA,0.625
"1472",1,2,31,5,0.25
"1473",1,2,35,0,0.0625
"1474",1,4,42,1,0.3125
"1475",0,1,39,6,0.5
"1476",0,3,52,NA,0.6875
"1477",1,3,63,1,0.5
"1478",0,6,58,1,0.125
"1479",1,1,42,2,0.8125
"1480",0,5,23,1,0.25
"1481",1,6,45,4,0
"1482",0,5,59,NA,NA
"1483",0,5,54,2,NA
"1484",0,6,76,2,0.375
"1485",1,3,55,3,0.0625
"1486",1,3,55,1,0.3125
"1487",1,3,71,1,0.3125
"1488",1,3,62,1,0.5
"1489",1,6,28,1,0
"1490",1,2,38,NA,0.75
"1491",1,5,48,2,0
"1492",1,6,59,3,0
"1493",0,1,30,1,0.375
"1494",1,5,25,1,0.25
"1495",1,6,66,1,0.5
"1496",1,5,26,0,0.4375
"1497",1,2,30,1,0.125
"1498",0,6,66,0,0.375
"1499",1,4,69,1,0.4375
"1500",1,6,71,2,0.5
"1501",1,3,43,0,0.5625
"1502",1,1,20,1,0.5625
"1503",1,6,51,NA,NA
"1504",0,2,68,NA,0.375
"1505",1,5,27,1,0
"1506",1,2,54,0,0.6875
"1507",1,6,73,NA,0
"1508",0,6,32,4,0.125
"1509",1,6,NA,3,0.125
"1510",0,3,41,1,0.5
"1511",1,6,28,1,0.3125
"1512",0,3,21,1,0.5
"1513",0,5,64,3,0.0625
"1514",1,3,NA,1,0.5
"1515",1,3,36,1,0.1875
"1516",0,3,46,2,0.8125
"1517",1,3,61,2,0.25
"1518",0,2,65,0,0.1875
"1519",1,6,68,NA,0.5
"1520",1,6,71,2,0.125
"1521",0,3,58,3,0.875
"1522",0,4,33,1,0.125
"1523",0,3,62,2,0.3125
"1524",0,4,33,0,0.0625
"1525",0,5,30,NA,0.125
"1526",1,6,77,1,0.5
"1527",1,6,30,4,0
"1528",1,6,35,3,NA
"1529",0,5,49,1,0.0625
"1530",0,2,21,1,0.625
"1531",1,1,35,0,0.4375
"1532",1,3,40,1,0.4375
"1533",1,6,26,1,0.125
"1534",1,1,38,1,0.25
"1535",1,4,30,1,0.5
"1536",1,5,47,3,0
"1537",1,4,61,1,0.375
"1538",0,4,28,1,0.4375
"1539",1,6,43,2,0.0625
"1540",1,6,52,5,0.125
"1541",1,6,41,1,0.25
"1542",0,6,66,3,0
"1543",0,5,51,1,0.3125
"1544",0,5,31,NA,NA
"1545",0,5,66,NA,0.0625
"1546",1,5,64,4,0.1875
"1547",0,3,63,0,0.625
"1548",0,4,55,2,0.375
"1549",1,6,45,3,0.125
"1550",0,5,59,1,0
"1551",0,4,42,1,0.5
"1552",0,2,63,1,0.625
"1553",0,3,57,1,0.5
"1554",1,1,76,1,0
"1555",1,5,29,1,0
"1556",1,3,62,0,0.6875
"1557",0,3,43,4,0
"1558",0,1,66,1,0.625
"1559",0,5,89,5,0.1875
"1560",1,5,44,1,0.0625
"1561",1,5,23,3,0.0625
"1562",0,2,59,1,0.5
"1563",1,6,58,2,0
"1564",1,5,33,1,0.1875
"1565",0,3,67,0,0.3125
"1566",1,5,65,4,0
"1567",1,3,68,1,0.1875
"1568",0,6,63,1,0.25
"1569",0,4,19,2,0.375
"1570",0,6,56,0,0.125
"1571",0,3,43,NA,0
"1572",1,5,58,1,0
"1573",1,2,67,0,0.4375
"1574",1,3,33,0,0.5
"1575",0,6,79,4,0.125
"1576",0,6,59,0,0.25
"1577",1,4,32,NA,0.5625
"1578",1,3,42,NA,0.25
"1579",1,5,31,1,0.6875
"1580",1,2,64,1,0.5
"1581",1,3,52,1,0.1875
"1582",0,5,32,1,0.3125
"1583",0,3,46,1,0.5625
"1584",1,4,40,0,0.375
"1585",0,6,34,NA,0.5
"1586",1,4,51,0,0.5
"1587",0,5,50,1,0.5
"1588",1,6,25,1,0.3125
"1589",0,2,70,1,0.3125
"1590",1,2,55,1,0.5625
"1591",1,4,53,0,0.1875
"1592",0,6,51,NA,0.3125
"1593",0,2,40,1,0.375
"1594",1,1,60,NA,0.625
"1595",0,6,31,3,0
"1596",NA,1,57,0,1
"1597",NA,6,76,3,0.5625
"1598",0,6,51,1,0.5
"1599",1,2,38,1,0.5625
"1600",0,2,75,1,0.0625
"1601",0,1,68,1,0.5
"1602",0,1,77,1,0.5
"1603",0,3,27,1,0.8125
"1604",0,4,49,NA,0.3125
"1605",1,2,78,5,0.75
"1606",0,5,67,1,0.25
"1607",1,5,31,NA,0.125
"1608",1,5,78,6,0.1875
"1609",0,5,65,1,0.4375
"1610",1,3,48,NA,0.375
"1611",1,2,88,1,0.4375
"1612",1,3,73,NA,0.3125
"1613",1,6,34,1,0
"1614",1,4,33,1,0.5
"1615",0,1,60,0,0.5
"1616",1,5,47,3,0.125
"1617",0,5,68,1,0
"1618",1,3,60,0,0.3125
"1619",1,6,60,2,0.1875
"1620",0,5,25,1,0.75
"1621",0,2,38,NA,0.8125
"1622",0,3,66,0,0.5
"1623",1,4,80,1,0.5
"1624",1,3,56,4,0.25
"1625",0,4,29,0,0.8125
"1626",1,6,74,3,0.3125
"1627",1,2,68,1,0.5
"1628",0,1,34,1,0.375
"1629",1,2,67,0,0.375
"1630",1,6,49,2,0.1875
"1631",0,1,53,1,0.125
"1632",0,2,76,1,0.5625
"1633",0,6,68,3,0.4375
"1634",0,2,68,NA,0.5
"1635",0,1,59,2,0.8125
"1636",1,4,51,0,0.5
"1637",0,5,61,NA,0.5625
"1638",0,2,20,1,0.875
"1639",0,4,31,1,0.375
"1640",1,4,52,0,0.5
"1641",1,4,58,1,0
"1642",0,2,62,1,0.6875
"1643",1,5,43,NA,0.3125
"1644",NA,5,59,1,0.5
"1645",0,1,49,0,0.8125
"1646",0,5,48,1,0.6875
"1647",0,4,27,NA,0.3125
"1648",1,5,45,1,0.5
"1649",1,5,60,1,0.3125
"1650",1,3,26,0,0.5
"1651",0,4,57,NA,0.125
"1652",0,6,37,1,0.25
"1653",1,3,32,1,0.6875
"1654",1,4,52,1,0.5
"1655",1,3,58,0,0.5
"1656",0,3,69,1,0.6875
"1657",NA,3,26,7,0.3125
"1658",0,3,19,0,0.625
"1659",1,6,56,1,0.1875
"1660",0,1,75,2,0.1875
"1661",1,2,32,1,0.5
"1662",1,6,68,1,0.25
"1663",0,4,43,2,0
"1664",1,4,26,2,0.25
"1665",0,4,29,NA,0.375
"1666",0,1,58,0,0.5
"1667",1,3,NA,NA,0.5
"1668",0,2,44,1,0.4375
"1669",1,5,54,1,0.3125
"1670",0,2,39,0,0.5
"1671",1,2,20,3,0.5
"1672",0,5,26,2,0.125
"1673",1,2,59,3,0.5
"1674",0,6,65,NA,0.375
"1675",0,4,24,1,0.5
"1676",1,4,58,0,0.375
"1677",1,5,72,NA,0.3125
"1678",0,5,47,NA,0.3125
"1679",1,6,41,1,0
"1680",1,2,39,0,0.6875
"1681",0,3,19,NA,0.5
"1682",0,3,53,1,0.375
"1683",0,3,30,1,0.3125
"1684",0,6,60,1,0.3125
"1685",1,4,32,1,0.3125
"1686",0,5,54,1,0.4375
"1687",0,5,65,2,0
"1688",0,5,28,5,0
"1689",0,2,50,1,0.5
"1690",0,2,42,1,0.5
"1691",0,2,19,2,0.25
"1692",0,5,34,1,0.1875
"1693",0,5,23,1,0.125
"1694",0,6,65,8,0.625
"1695",1,6,33,8,0.0625
"1696",1,3,58,0,0.625
"1697",0,3,NA,1,0.5
"1698",0,5,65,2,0.875
"1699",1,5,58,1,0.25
"1700",1,1,37,3,0
"1701",1,3,30,1,0.5
"1702",0,6,78,4,NA
"1703",0,5,26,1,0
"1704",0,6,70,NA,0.3125
"1705",0,3,63,2,0.3125
"1706",0,3,63,1,0.5
"1707",0,4,65,0,0.5
"1708",1,4,73,2,0.375
"1709",1,4,47,0,0.625
"1710",1,4,41,1,0
"1711",1,4,67,NA,0.5
"1712",1,3,50,1,NA
"1713",0,6,70,3,0.375
"1714",1,2,46,1,0.3125
"1715",1,2,70,NA,0.1875
"1716",0,5,60,1,0.1875
"1717",0,6,33,NA,0.375
"1718",0,2,29,0,0.75
"1719",0,2,20,1,0.625
"1720",1,2,35,1,0.5625
"1721",1,3,37,0,0.1875
"1722",0,6,43,0,0.375
"1723",1,3,61,0,0.4375
"1724",1,6,56,2,0.5625
"1725",1,5,31,1,0
"1726",0,3,18,1,0.625
"1727",1,3,45,NA,0.5
"1728",0,3,26,2,0.3125
"1729",1,5,59,1,0.1875
"1730",0,2,59,2,0.375
"1731",1,2,37,1,0.5
"1732",1,3,38,NA,1
"1733",0,3,20,5,0.375
"1734",1,2,58,1,0.6875
"1735",1,5,22,2,0.75
"1736",0,2,67,1,0.4375
"1737",0,2,23,1,0.25
"1738",1,4,27,0,0.125
"1739",1,6,55,1,0.0625
"1740",1,2,68,1,0.5
"1741",0,3,54,NA,0.5625
"1742",1,4,36,1,0.5
"1743",1,3,65,0,0.3125
"1744",1,5,32,NA,0.5625
"1745",1,5,66,6,0.125
"1746",1,6,45,1,0.0625
"1747",1,4,49,1,0.0625
"1748",1,3,33,0,0.0625
"1749",1,5,24,3,0.0625
"1750",1,3,49,1,0.1875
"1751",0,5,37,2,0.25
"1752",0,2,50,1,0.6875
"1753",0,4,41,NA,0.5
"1754",0,1,76,0,0.5625
"1755",1,6,26,1,0
"1756",NA,5,44,NA,0.5
"1757",0,2,71,2,0.5625
"1758",1,6,37,1,0.125
"1759",0,4,58,2,0.5625
"1760",1,2,43,NA,0.25
"1761",1,3,48,1,0.0625
"1762",1,1,47,0,0.4375
"1763",1,6,66,1,0.375
"1764",0,2,66,1,0.375
"1765",1,3,79,1,NA
"1766",1,1,29,1,0.125
"1767",1,3,80,0,0.5625
"1768",0,6,81,2,0.4375
"1769",0,1,59,3,0.5
"1770",0,6,88,2,0.5625
"1771",1,5,25,1,0.1875
"1772",0,4,67,1,0.625
"1773",1,6,70,2,0.25
"1774",1,3,20,2,0
"1775",1,3,26,2,0.25
"1776",0,2,43,0,0.6875
"1777",0,4,32,0,0.5
"1778",1,1,65,1,0.625
"1779",1,3,19,NA,NA
"1780",1,2,74,NA,NA
"1781",1,4,40,1,0.75
"1782",1,3,63,0,0.5625
"1783",1,5,61,NA,NA
"1784",1,4,35,4,0.5
"1785",NA,1,NA,2,0.4375
"1786",0,3,47,2,0.3125
"1787",0,6,51,1,0.4375
"1788",1,6,46,1,0
"1789",0,3,19,1,0.5
"1790",0,4,58,2,0.4375
"1791",0,5,29,3,0
"1792",0,4,31,1,0.375
"1793",0,1,18,NA,0.1875
"1794",1,3,22,1,0.375
"1795",0,3,52,1,0
"1796",0,2,22,2,0.0625
"1797",1,6,58,5,0.1875
"1798",0,1,26,5,0.625
"1799",1,6,35,1,0.0625
"1800",0,6,44,1,0.5625
"1801",0,5,63,3,0.8125
"1802",0,5,46,1,0.1875
"1803",1,3,26,1,0.3125
"1804",0,5,24,1,0.1875
"1805",0,NA,33,1,0.25
"1806",0,4,60,NA,0.5
"1807",0,3,27,NA,0.1875
"1808",1,6,21,1,0.4375
"1809",0,2,33,2,0.125
"1810",1,4,47,7,0.1875
"1811",0,6,73,3,0.3125
"1812",0,6,28,1,0.5
"1813",0,5,43,NA,0.6875
"1814",0,6,29,1,0.5
"1815",1,5,72,3,0.25
"1816",0,3,62,NA,0.625
"1817",0,3,79,NA,0.5
"1818",0,3,40,NA,0.625
"1819",0,6,58,1,0.5625
"1820",1,5,59,1,0.5625
"1821",1,3,56,0,0.3125
"1822",1,2,24,0,0.5625
"1823",1,6,69,1,0.0625
"1824",1,6,39,2,0.125
"1825",1,3,72,2,0.25
"1826",1,1,35,0,0.375
"1827",1,4,60,4,0.125
"1828",1,NA,58,1,0.4375
"1829",1,5,35,1,0
"1830",1,5,32,1,0.0625
"1831",0,6,34,3,0
"1832",0,3,65,1,0.25
"1833",1,2,41,0,0.5
"1834",1,3,NA,NA,0.625
"1835",0,3,57,2,0.1875
"1836",1,1,37,1,0.625
"1837",1,6,60,2,0.5
"1838",0,3,65,2,0.5
"1839",1,NA,40,1,0.375
"1840",1,1,58,4,NA
"1841",0,3,55,1,0
"1842",1,6,53,5,0.125
"1843",0,2,30,NA,0.5
"1844",1,5,54,1,0.5625
"1845",1,2,47,1,0.25
"1846",1,4,57,1,0
"1847",0,2,24,NA,NA
"1848",1,5,NA,1,0.625
"1849",0,3,50,NA,0.25
"1850",0,3,53,NA,0.5
"1851",1,5,32,1,0.1875
"1852",1,5,53,NA,0.3125
"1853",1,4,37,0,0.1875
"1854",0,5,38,1,0
"1855",1,2,23,NA,0
"1856",1,4,32,1,0.25
"1857",1,1,74,NA,0.25
"1858",0,3,53,1,0.9375
"1859",1,3,43,2,0.25
"1860",1,6,28,5,0.0625
"1861",0,5,43,0,0.375
"1862",0,1,46,1,0.875
"1863",1,4,21,0,0.4375
"1864",1,6,59,2,0.25
"1865",0,3,47,4,0.5
"1866",0,3,37,1,0.6875
"1867",1,4,21,0,0.4375
"1868",0,3,45,1,0.5
"1869",1,3,32,0,0.1875
"1870",0,3,32,1,0.4375
"1871",0,3,68,2,0.125
"1872",0,5,43,2,0.1875
"1873",0,6,31,1,0.0625
"1874",0,5,30,NA,0.5
"1875",1,6,45,NA,0.375
"1876",0,4,44,2,0.3125
"1877",0,3,32,1,0.625
"1878",1,2,25,0,0.6875
"1879",0,2,54,3,0.125
"1880",1,6,30,1,0.0625
"1881",0,4,64,0,0.5
"1882",0,4,58,1,0.375
"1883",1,3,51,1,0.25
"1884",1,3,22,1,0.1875
"1885",0,5,64,3,0.3125
"1886",1,3,59,0,0.3125
"1887",0,2,41,1,0.5625
"1888",1,4,24,1,0.4375
"1889",1,6,54,1,0.25
"1890",0,2,39,3,0.4375
"1891",0,2,41,0,0.9375
"1892",1,5,36,NA,0.5
"1893",1,3,60,1,0.25
"1894",1,5,59,1,0.1875
"1895",0,1,58,0,0.5
"1896",1,2,56,1,0.125
"1897",1,5,46,0,0.6875
"1898",1,3,33,1,0.3125
"1899",0,2,68,1,0.5625
"1900",1,6,41,1,0
"1901",1,5,39,1,0.4375
"1902",0,6,39,1,0.3125
"1903",1,4,36,1,0.5625
"1904",1,5,63,NA,0.75
"1905",1,6,67,4,0.5
"1906",1,5,32,NA,0.5625
"1907",0,2,21,1,0
"1908",1,5,59,2,0
"1909",0,6,44,NA,0.5
"1910",1,2,52,1,0.5
"1911",1,6,35,5,0.125
"1912",0,1,24,2,0.375
"1913",1,5,NA,1,0.1875
"1914",1,4,39,0,0
"1915",0,2,42,NA,0.6875
"1916",0,5,52,2,0.5
"1917",1,5,61,3,0.4375
"1918",1,6,74,1,0.1875
"1919",1,4,22,1,0
"1920",1,3,53,1,0.6875
"1921",0,3,20,0,0.4375
"1922",1,6,47,1,0.3125
"1923",1,6,34,1,0.125
"1924",1,5,37,1,0.3125
"1925",1,6,49,2,0.0625
"1926",1,2,61,1,0.5
"1927",0,3,43,4,0
"1928",1,4,59,1,0.375
"1929",0,5,82,1,0.375
"1930",1,6,38,2,0.0625
"1931",1,6,NA,1,0.5
"1932",1,3,26,NA,0.5625
"1933",0,5,49,NA,0.75
"1934",1,2,25,NA,0.4375
"1935",1,2,52,2,0.875
"1936",0,3,21,0,0.0625
"1937",1,5,37,1,0.3125
"1938",0,1,82,3,0.5
"1939",0,2,27,0,0.5
"1940",1,4,39,1,0.125
